<?xml version="1.0"?>
<doc>
    <assembly>
        <name>Api</name>
    </assembly>
    <members>
        <member name="T:Api.Controllers.TrafficController">
            <summary>
            Api Controller for traffic details
            </summary>
        </member>
        <member name="M:Api.Controllers.TrafficController.#ctor(Business.Interface.IService{Common.DataTransferObject.TrafficDetail})">
            <summary>
            Controller for <see cref="T:Api.Controllers.TrafficController"/>
            </summary>
            <param name="service">The traffic detail service</param>
        </member>
        <member name="M:Api.Controllers.TrafficController.GetAllAsync">
            <summary>
            Gets all the traffic details
            </summary>
            <returns>The collection of traffic details</returns>
        </member>
        <member name="M:Api.Controllers.TrafficController.GetTodoItem(System.Int32)">
            <summary>
            Gets the traffic details by id
            </summary>
            <param name="id">The key for the traffic detail</param>
            <returns>The traffic detail object</returns>
        </member>
        <member name="M:Api.Controllers.TrafficController.CreateAsync(Common.DataTransferObject.TrafficDetail)">
            <summary>
            Creates the traffic detail record
            </summary>
            <param name="requestDto">The request object</param>
            <returns>The created object</returns>
        </member>
        <member name="M:Api.Controllers.TrafficController.UpdateAsync(Common.DataTransferObject.TrafficDetail)">
            <summary>
            Updates the traffic detail record
            </summary>
            <param name="requestDto">The request object</param>
            <returns>The updated object</returns>
        </member>
        <member name="M:Api.Controllers.TrafficController.DeleteAsync(System.Int32)">
            <summary>
            End point for deleting the traffic detail
            </summary>
            <param name="id">The key for the traffic detail</param>
        </member>
    </members>
</doc>
